,Date,Last trade price,Max,Min,AvgPrice,%chg.,Volume,TurnoverBEST_MKD,TotalTurnoverMKD
0,11/6/2024,100.00,,,100.00,0.00,0,0,0
1,11/5/2024,100.00,,,100.00,0.00,0,0,0
2,11/4/2024,100.00,,,100.00,0.00,0,0,0
3,11/1/2024,100.00,,,100.00,0.00,0,0,0
4,10/31/2024,100.00,,,100.00,0.00,0,0,0
5,10/30/2024,100.00,,,100.00,0.00,0,0,0
6,10/29/2024,100.00,,,100.00,0.00,0,0,0
7,10/28/2024,100.00,,,100.00,0.00,0,0,0
8,10/25/2024,100.00,,,100.00,0.00,0,0,0
9,10/24/2024,100.00,,,100.00,0.00,0,0,0
10,10/22/2024,100.00,,,100.00,0.00,0,0,0
11,10/21/2024,100.00,,,100.00,0.00,0,0,0
12,10/18/2024,100.00,,,100.00,0.00,0,0,0
13,10/17/2024,100.00,,,100.00,0.00,0,0,0
14,10/16/2024,100.00,,,100.00,0.00,0,0,0
15,10/15/2024,100.00,,,100.00,0.00,0,0,0
16,10/14/2024,100.00,,,100.00,0.00,0,0,0
17,10/10/2024,100.00,,,100.00,0.00,0,0,0
18,10/9/2024,100.00,,,100.00,0.00,0,0,0
19,10/8/2024,100.00,,,100.00,0.00,0,0,0
20,10/7/2024,100.00,,,100.00,0.00,0,0,0
21,10/4/2024,100.00,,,100.00,0.00,0,0,0
22,10/3/2024,100.00,,,100.00,0.00,0,0,0
23,10/2/2024,100.00,,,100.00,0.00,0,0,0
24,10/1/2024,100.00,,,100.00,0.00,0,0,0
25,9/30/2024,100.00,,,100.00,0.00,0,0,0
26,9/27/2024,100.00,,,100.00,0.00,0,0,0
27,9/26/2024,100.00,,,100.00,0.00,0,0,0
28,9/25/2024,100.00,,,100.00,0.00,0,0,0
29,9/24/2024,100.00,,,100.00,0.00,0,0,0
30,9/23/2024,100.00,,,100.00,0.00,0,0,0
31,9/20/2024,100.00,,,100.00,0.00,0,0,0
32,9/19/2024,100.00,,,100.00,0.00,0,0,0
33,9/18/2024,100.00,,,100.00,0.00,0,0,0
34,9/17/2024,100.00,,,100.00,0.00,0,0,0
35,9/16/2024,100.00,,,100.00,0.00,0,0,0
36,9/13/2024,100.00,,,100.00,0.00,0,0,0
37,9/12/2024,100.00,,,100.00,0.00,0,0,0
38,9/11/2024,100.00,,,100.00,0.00,0,0,0
39,9/10/2024,100.00,,,100.00,0.00,0,0,0
40,9/6/2024,100.00,,,100.00,0.00,0,0,0
41,9/5/2024,100.00,,,100.00,0.00,0,0,0
42,9/4/2024,100.00,,,100.00,0.00,0,0,0
43,9/3/2024,100.00,,,100.00,0.00,0,0,0
44,9/2/2024,100.00,,,100.00,0.00,0,0,0
45,8/30/2024,100.00,,,100.00,0.00,0,0,0
46,8/29/2024,100.00,,,100.00,0.00,0,0,0
47,8/27/2024,100.00,,,100.00,0.00,0,0,0
48,8/26/2024,100.00,,,100.00,0.00,0,0,0
49,8/23/2024,100.00,,,100.00,0.00,0,0,0
50,8/22/2024,100.00,,,100.00,0.00,0,0,0
51,8/21/2024,100.00,,,100.00,0.00,0,0,0
52,8/20/2024,100.00,,,100.00,0.00,0,0,0
53,8/19/2024,100.00,,,100.00,0.00,0,0,0
54,8/16/2024,100.00,,,100.00,0.00,0,0,0
55,8/15/2024,100.00,,,100.00,0.00,0,0,0
56,8/14/2024,100.00,,,100.00,0.00,0,0,0
57,8/13/2024,100.00,,,100.00,0.00,0,0,0
58,8/12/2024,100.00,,,100.00,0.00,0,0,0
59,8/9/2024,100.00,,,100.00,0.00,0,0,0
60,8/8/2024,100.00,,,100.00,0.00,0,0,0
61,8/7/2024,100.00,,,100.00,0.00,0,0,0
62,8/6/2024,100.00,,,100.00,0.00,0,0,0
63,8/5/2024,100.00,,,100.00,0.00,0,0,0
64,8/1/2024,100.00,,,100.00,0.00,0,0,0
65,7/31/2024,100.00,,,100.00,0.00,0,0,0
66,7/30/2024,100.00,,,100.00,0.00,0,0,0
67,7/29/2024,100.00,,,100.00,0.00,0,0,0
68,7/26/2024,100.00,,,100.00,0.00,0,0,0
69,7/25/2024,100.00,,,100.00,0.00,0,0,0
70,7/24/2024,100.00,,,100.00,0.00,0,0,0
71,7/23/2024,100.00,,,100.00,0.00,0,0,0
72,7/22/2024,100.00,,,100.00,0.00,0,0,0
73,7/19/2024,100.00,,,100.00,0.00,0,0,0
74,7/18/2024,100.00,,,100.00,0.00,0,0,0
75,7/17/2024,100.00,,,100.00,0.00,0,0,0
76,7/16/2024,100.00,,,100.00,0.00,0,0,0
77,7/15/2024,100.00,,,100.00,0.00,0,0,0
78,7/12/2024,100.00,,,100.00,0.00,0,0,0
79,7/11/2024,100.00,,,100.00,0.00,0,0,0
80,7/10/2024,100.00,,,100.00,0.00,0,0,0
81,7/9/2024,100.00,,,100.00,0.00,0,0,0
82,7/8/2024,100.00,,,100.00,0.00,0,0,0
83,7/5/2024,100.00,,,100.00,0.00,0,0,0
84,7/4/2024,100.00,,,100.00,0.00,0,0,0
85,7/3/2024,100.00,,,100.00,0.00,0,0,0
86,7/2/2024,100.00,,,100.00,0.00,0,0,0
87,7/1/2024,100.00,,,100.00,0.00,0,0,0
88,6/28/2024,100.00,,,100.00,0.00,0,0,0
89,6/27/2024,100.00,,,100.00,0.00,0,0,0
90,6/26/2024,100.00,,,100.00,0.00,0,0,0
91,6/25/2024,100.00,,,100.00,0.00,0,0,0
92,6/24/2024,100.00,,,100.00,0.00,0,0,0
93,6/20/2024,100.00,,,100.00,0.00,0,0,0
94,6/19/2024,100.00,,,100.00,0.00,0,0,0
95,6/18/2024,100.00,,,100.00,0.00,0,0,0
96,6/17/2024,100.00,,,100.00,0.00,0,0,0
97,6/14/2024,100.00,,,100.00,0.00,0,0,0
98,6/13/2024,100.00,,,100.00,0.00,0,0,0
99,6/12/2024,100.00,,,100.00,0.00,0,0,0
100,6/11/2024,100.00,,,100.00,0.00,0,0,0
101,6/10/2024,100.00,,,100.00,0.00,0,0,0
102,6/7/2024,100.00,,,100.00,0.00,0,0,0
103,6/6/2024,100.00,,,100.00,0.00,0,0,0
104,6/5/2024,100.00,,,100.00,0.00,0,0,0
105,6/4/2024,100.00,,,100.00,0.00,0,0,0
106,6/3/2024,100.00,,,100.00,0.00,0,0,0
107,5/31/2024,100.00,,,100.00,0.00,0,0,0
108,5/30/2024,100.00,,,100.00,0.00,0,0,0
109,5/29/2024,100.00,,,100.00,0.00,0,0,0
110,5/28/2024,100.00,,,100.00,0.00,0,0,0
111,5/27/2024,100.00,,,100.00,0.00,0,0,0
112,5/23/2024,100.00,,,100.00,0.00,0,0,0
113,5/22/2024,100.00,,,100.00,0.00,0,0,0
114,5/21/2024,100.00,,,100.00,0.00,0,0,0
115,5/20/2024,100.00,,,100.00,0.00,0,0,0
116,5/17/2024,100.00,,,100.00,0.00,0,0,0
117,5/16/2024,100.00,,,100.00,0.00,0,0,0
118,5/15/2024,100.00,,,100.00,0.00,0,0,0
119,5/14/2024,100.00,,,100.00,0.00,0,0,0
120,5/13/2024,100.00,,,100.00,0.00,0,0,0
121,5/10/2024,100.00,,,100.00,0.00,0,0,0
122,5/9/2024,100.00,,,100.00,0.00,0,0,0
123,5/7/2024,100.00,,,100.00,0.00,0,0,0
124,5/2/2024,100.00,,,100.00,0.00,0,0,0
125,4/30/2024,100.00,,,100.00,0.00,0,0,0
126,4/29/2024,100.00,,,100.00,0.00,0,0,0
127,4/26/2024,100.00,,,100.00,0.00,0,0,0
128,4/25/2024,100.00,,,100.00,0.00,0,0,0
129,4/23/2024,100.00,,,100.00,0.00,0,0,0
130,4/22/2024,100.00,,,100.00,0.00,0,0,0
131,4/19/2024,100.00,,,100.00,0.00,0,0,0
132,4/18/2024,100.00,,,100.00,0.00,0,0,0
133,4/17/2024,100.00,,,100.00,0.00,0,0,0
134,4/16/2024,100.00,,,100.00,0.00,0,0,0
135,4/15/2024,100.00,,,100.00,0.00,0,0,0
136,4/12/2024,100.00,,,100.00,0.00,0,0,0
137,4/11/2024,100.00,,,100.00,0.00,0,0,0
138,4/9/2024,100.00,,,100.00,0.00,0,0,0
139,4/8/2024,100.00,,,100.00,0.00,0,0,0
140,4/5/2024,100.00,,,100.00,0.00,0,0,0
141,4/4/2024,100.00,,,100.00,0.00,0,0,0
142,4/3/2024,100.00,,,100.00,0.00,0,0,0
143,4/2/2024,100.00,,,100.00,0.00,0,0,0
144,4/1/2024,100.00,,,100.00,0.00,0,0,0
145,3/29/2024,100.00,,,100.00,0.00,0,0,0
146,3/28/2024,100.00,,,100.00,0.00,0,0,0
147,3/27/2024,100.00,,,100.00,0.00,0,0,0
148,3/26/2024,100.00,,,100.00,0.00,0,0,0
149,3/25/2024,100.00,,,100.00,0.00,0,0,0
150,3/22/2024,100.00,,,100.00,0.00,0,0,0
151,3/21/2024,100.00,,,100.00,0.00,0,0,0
152,3/20/2024,100.00,,,100.00,0.00,0,0,0
153,3/19/2024,100.00,,,100.00,0.00,0,0,0
154,3/18/2024,100.00,,,100.00,0.00,0,0,0
155,3/15/2024,100.00,,,100.00,0.00,0,0,0
156,3/14/2024,100.00,,,100.00,0.00,0,0,0
157,3/13/2024,100.00,,,100.00,0.00,0,0,0
158,3/12/2024,100.00,,,100.00,0.00,0,0,0
159,3/11/2024,100.00,,,100.00,0.00,0,0,0
160,3/8/2024,100.00,,,100.00,0.00,0,0,0
161,3/7/2024,100.00,,,100.00,0.00,0,0,0
162,3/6/2024,100.00,,,100.00,0.00,0,0,0
163,3/5/2024,100.00,,,100.00,0.00,0,0,0
164,3/4/2024,100.00,,,100.00,0.00,0,0,0
165,3/1/2024,100.00,,,100.00,0.00,0,0,0
166,2/29/2024,100.00,,,100.00,0.00,0,0,0
167,2/28/2024,100.00,,,100.00,0.00,0,0,0
168,2/27/2024,100.00,,,100.00,0.00,0,0,0
169,2/26/2024,100.00,,,100.00,0.00,0,0,0
170,2/23/2024,100.00,,,100.00,0.00,0,0,0
171,2/22/2024,100.00,,,100.00,0.00,0,0,0
172,2/21/2024,100.00,,,100.00,0.00,0,0,0
173,2/20/2024,100.00,,,100.00,0.00,0,0,0
174,2/19/2024,100.00,,,100.00,0.00,0,0,0
175,2/16/2024,100.00,,,100.00,0.00,0,0,0
176,2/15/2024,100.00,,,100.00,0.00,0,0,0
177,2/14/2024,100.00,,,100.00,0.00,0,0,0
178,2/13/2024,100.00,,,100.00,0.00,0,0,0
179,2/12/2024,100.00,,,100.00,0.00,0,0,0
180,2/9/2024,100.00,,,100.00,0.00,0,0,0
181,2/8/2024,100.00,,,100.00,0.00,0,0,0
182,2/7/2024,100.00,,,100.00,0.00,0,0,0
183,2/6/2024,100.00,,,100.00,0.00,0,0,0
184,2/5/2024,100.00,,,100.00,0.00,0,0,0
185,2/2/2024,100.00,,,100.00,0.00,0,0,0
186,2/1/2024,100.00,,,100.00,0.00,0,0,0
187,1/31/2024,100.00,,,100.00,0.00,0,0,0
188,1/30/2024,100.00,,,100.00,0.00,0,0,0
189,1/29/2024,100.00,,,100.00,0.00,0,0,0
190,1/26/2024,100.00,,,100.00,0.00,0,0,0
191,1/25/2024,100.00,,,100.00,0.00,0,0,0
192,1/24/2024,100.00,,,100.00,0.00,0,0,0
193,1/23/2024,100.00,,,100.00,0.00,0,0,0
194,1/22/2024,100.00,,,100.00,0.00,0,0,0
195,1/18/2024,100.00,,,100.00,0.00,0,0,0
196,1/17/2024,100.00,,,100.00,0.00,0,0,0
197,1/16/2024,100.00,,,100.00,0.00,0,0,0
198,1/15/2024,100.00,,,100.00,0.00,0,0,0
199,1/12/2024,100.00,,,100.00,0.00,0,0,0
200,1/11/2024,100.00,,,100.00,0.00,0,0,0
201,1/10/2024,100.00,,,100.00,0.00,0,0,0
202,1/9/2024,100.00,,,100.00,0.00,0,0,0
203,1/5/2024,100.00,,,100.00,0.00,0,0,0
204,1/4/2024,100.00,,,100.00,0.00,0,0,0
205,1/3/2024,100.00,,,100.00,0.00,0,0,0
206,1/2/2024,100.00,,,100.00,0.00,0,0,0
207,12/28/2023,100.00,,,100.00,0.00,0,0,0
208,12/27/2023,100.00,,,100.00,0.00,0,0,0
209,12/26/2023,100.00,,,100.00,0.00,0,0,0
210,12/25/2023,100.00,,,100.00,0.00,0,0,0
211,12/22/2023,100.00,,,100.00,0.00,0,0,0
212,12/21/2023,100.00,,,100.00,0.00,0,0,0
213,12/20/2023,100.00,,,100.00,0.00,0,0,0
214,12/19/2023,100.00,,,100.00,0.00,0,0,0
215,12/18/2023,100.00,,,100.00,0.00,0,0,0
216,12/15/2023,100.00,,,100.00,0.00,0,0,0
217,12/14/2023,100.00,,,100.00,0.00,0,0,0
218,12/13/2023,100.00,,,100.00,0.00,0,0,0
219,12/12/2023,100.00,,,100.00,0.00,0,0,0
220,12/11/2023,100.00,,,100.00,0.00,0,0,0
221,12/7/2023,100.00,,,100.00,0.00,0,0,0
222,12/6/2023,100.00,,,100.00,0.00,0,0,0
223,12/5/2023,100.00,,,100.00,0.00,0,0,0
224,12/4/2023,100.00,,,100.00,0.00,0,0,0
225,12/1/2023,100.00,,,100.00,0.00,0,0,0
226,11/30/2023,100.00,,,100.00,0.00,0,0,0
227,11/29/2023,100.00,,,100.00,0.00,0,0,0
228,11/28/2023,100.00,,,100.00,0.00,0,0,0
229,11/27/2023,100.00,,,100.00,0.00,0,0,0
230,11/24/2023,100.00,,,100.00,0.00,0,0,0
231,11/23/2023,100.00,,,100.00,0.00,0,0,0
232,11/22/2023,100.00,,,100.00,0.00,0,0,0
233,11/21/2023,100.00,,,100.00,0.00,0,0,0
234,11/20/2023,100.00,,,100.00,0.00,0,0,0
235,11/17/2023,100.00,,,100.00,0.00,0,0,0
236,11/16/2023,100.00,,,100.00,0.00,0,0,0
237,11/15/2023,100.00,,,100.00,0.00,0,0,0
238,11/14/2023,100.00,,,100.00,0.00,0,0,0
239,11/13/2023,100.00,,,100.00,0.00,0,0,0
240,11/10/2023,100.00,,,100.00,0.00,0,0,0
241,11/9/2023,100.00,,,100.00,0.00,0,0,0
242,11/8/2023,100.00,,,100.00,0.00,0,0,0
243,11/8/2023,100.00,,,100.00,0.00,0,0,0
244,11/7/2023,100.00,,,100.00,0.00,0,0,0
245,11/6/2023,100.00,,,100.00,0.00,0,0,0
246,11/3/2023,100.00,,,100.00,0.00,0,0,0
247,11/2/2023,100.00,,,100.00,0.00,0,0,0
248,11/1/2023,100.00,,,100.00,0.00,0,0,0
249,10/31/2023,100.00,,,100.00,0.00,0,0,0
250,10/30/2023,100.00,,,100.00,0.00,0,0,0
251,10/27/2023,100.00,,,100.00,0.00,0,0,0
252,10/26/2023,100.00,,,100.00,0.00,0,0,0
253,10/25/2023,100.00,,,100.00,0.00,0,0,0
254,10/24/2023,100.00,,,100.00,0.00,0,0,0
255,10/20/2023,100.00,,,100.00,0.00,0,0,0
256,10/19/2023,100.00,,,100.00,0.00,0,0,0
257,10/18/2023,100.00,,,100.00,0.00,0,0,0
258,10/17/2023,100.00,,,100.00,0.00,0,0,0
259,10/16/2023,100.00,,,100.00,0.00,0,0,0
260,10/13/2023,100.00,,,100.00,0.00,0,0,0
261,10/12/2023,100.00,,,100.00,0.00,0,0,0
262,10/10/2023,100.00,,,100.00,0.00,0,0,0
263,10/9/2023,100.00,,,100.00,0.00,0,0,0
264,10/6/2023,100.00,,,100.00,0.00,0,0,0
265,10/5/2023,100.00,,,100.00,0.00,0,0,0
266,10/4/2023,100.00,,,100.00,0.00,0,0,0
267,10/3/2023,100.00,,,100.00,0.00,0,0,0
268,10/2/2023,100.00,,,100.00,0.00,0,0,0
269,9/29/2023,100.00,,,100.00,0.00,0,0,0
270,9/28/2023,100.00,,,100.00,0.00,0,0,0
271,9/27/2023,100.00,,,100.00,0.00,0,0,0
272,9/26/2023,100.00,,,100.00,0.00,0,0,0
273,9/25/2023,100.00,,,100.00,0.00,0,0,0
274,9/22/2023,100.00,,,100.00,0.00,0,0,0
275,9/21/2023,100.00,,,100.00,0.00,0,0,0
276,9/20/2023,100.00,,,100.00,0.00,0,0,0
277,9/19/2023,100.00,,,100.00,0.00,0,0,0
278,9/18/2023,100.00,,,100.00,0.00,0,0,0
279,9/15/2023,100.00,,,100.00,0.00,0,0,0
280,9/14/2023,100.00,,,100.00,0.00,0,0,0
281,9/13/2023,100.00,,,100.00,0.00,0,0,0
282,9/12/2023,100.00,,,100.00,0.00,0,0,0
283,9/11/2023,100.00,,,100.00,0.00,0,0,0
284,9/7/2023,100.00,,,100.00,0.00,0,0,0
285,9/6/2023,100.00,,,100.00,0.00,0,0,0
286,9/5/2023,100.00,,,100.00,0.00,0,0,0
287,9/4/2023,100.00,,,100.00,0.00,0,0,0
288,9/1/2023,100.00,,,100.00,0.00,0,0,0
289,8/31/2023,100.00,,,100.00,0.00,0,0,0
290,8/30/2023,100.00,,,100.00,0.00,0,0,0
291,8/29/2023,100.00,,,100.00,0.00,0,0,0
292,8/25/2023,100.00,,,100.00,0.00,0,0,0
293,8/24/2023,100.00,,,100.00,0.00,0,0,0
294,8/23/2023,100.00,,,100.00,0.00,0,0,0
295,8/22/2023,100.00,,,100.00,0.00,0,0,0
296,8/21/2023,100.00,,,100.00,0.00,0,0,0
297,8/18/2023,100.00,,,100.00,0.00,0,0,0
298,8/17/2023,100.00,,,100.00,0.00,0,0,0
299,8/16/2023,100.00,,,100.00,0.00,0,0,0
300,8/15/2023,100.00,,,100.00,0.00,0,0,0
301,8/14/2023,100.00,,,100.00,0.00,0,0,0
302,8/11/2023,100.00,,,100.00,0.00,0,0,0
303,8/10/2023,100.00,,,100.00,0.00,0,0,0
304,8/9/2023,100.00,,,100.00,0.00,0,0,0
305,8/8/2023,100.00,,,100.00,0.00,0,0,0
306,8/7/2023,100.00,,,100.00,0.00,0,0,0
307,8/4/2023,100.00,,,100.00,0.00,0,0,0
308,8/3/2023,100.00,,,100.00,0.00,0,0,0
309,8/1/2023,100.00,,,100.00,0.00,0,0,0
310,7/31/2023,100.00,,,100.00,0.00,0,0,0
311,7/28/2023,100.00,,,100.00,0.00,0,0,0
312,7/27/2023,100.00,,,100.00,0.00,0,0,0
313,7/26/2023,100.00,,,100.00,0.00,0,0,0
314,7/25/2023,100.00,,,100.00,0.00,0,0,0
315,7/24/2023,100.00,,,100.00,0.00,0,0,0
316,7/21/2023,100.00,,,100.00,0.00,0,0,0
317,7/20/2023,100.00,,,100.00,0.00,0,0,0
318,7/19/2023,100.00,,,100.00,0.00,0,0,0
319,7/18/2023,100.00,,,100.00,0.00,0,0,0
320,7/17/2023,100.00,,,100.00,0.00,0,0,0
321,7/14/2023,100.00,,,100.00,0.00,0,0,0
322,7/13/2023,100.00,,,100.00,0.00,0,0,0
323,7/12/2023,100.00,,,100.00,0.00,0,0,0
324,7/11/2023,100.00,,,100.00,0.00,0,0,0
325,7/10/2023,100.00,,,100.00,0.00,0,0,0
326,7/7/2023,100.00,,,100.00,0.00,0,0,0
327,7/6/2023,100.00,,,100.00,0.00,0,0,0
328,7/5/2023,100.00,,,100.00,0.00,0,0,0
329,7/4/2023,100.00,,,100.00,0.00,0,0,0
330,7/3/2023,100.00,,,100.00,0.00,0,0,0
331,6/30/2023,100.00,,,100.00,0.00,0,0,0
332,6/29/2023,100.00,,,100.00,0.00,0,0,0
333,6/28/2023,100.00,,,100.00,0.00,0,0,0
334,6/27/2023,100.00,,,100.00,0.00,0,0,0
335,6/26/2023,100.00,,,100.00,0.00,0,0,0
336,6/23/2023,100.00,,,100.00,0.00,0,0,0
337,6/22/2023,100.00,,,100.00,0.00,0,0,0
338,6/21/2023,100.00,,,100.00,0.00,0,0,0
339,6/20/2023,100.00,,,100.00,0.00,0,0,0
340,6/19/2023,100.00,,,100.00,0.00,0,0,0
341,6/16/2023,100.00,,,100.00,0.00,0,0,0
342,6/15/2023,100.00,,,100.00,0.00,0,0,0
343,6/14/2023,100.00,,,100.00,0.00,0,0,0
344,6/13/2023,100.00,,,100.00,0.00,0,0,0
345,6/12/2023,100.00,,,100.00,0.00,0,0,0
346,6/9/2023,100.00,,,100.00,0.00,0,0,0
347,6/8/2023,100.00,,,100.00,0.00,0,0,0
348,6/7/2023,100.00,,,100.00,0.00,0,0,0
349,6/6/2023,100.00,,,100.00,0.00,0,0,0
350,6/5/2023,100.00,,,100.00,0.00,0,0,0
351,6/1/2023,100.00,,,100.00,0.00,0,0,0
352,5/31/2023,100.00,,,100.00,0.00,0,0,0
353,5/30/2023,100.00,,,100.00,0.00,0,0,0
354,5/29/2023,100.00,,,100.00,0.00,0,0,0
355,5/26/2023,100.00,,,100.00,0.00,0,0,0
356,5/25/2023,100.00,,,100.00,0.00,0,0,0
357,5/23/2023,100.00,,,100.00,0.00,0,0,0
358,5/22/2023,100.00,,,100.00,0.00,0,0,0
359,5/19/2023,100.00,,,100.00,0.00,0,0,0
360,5/18/2023,100.00,,,100.00,0.00,0,0,0
361,5/17/2023,100.00,,,100.00,0.00,0,0,0
362,5/16/2023,100.00,,,100.00,0.00,0,0,0
363,5/15/2023,100.00,,,100.00,0.00,0,0,0
364,5/12/2023,100.00,,,100.00,0.00,0,0,0
365,5/11/2023,100.00,,,100.00,0.00,0,0,0
366,5/10/2023,100.00,,,100.00,0.00,0,0,0
367,5/9/2023,100.00,,,100.00,0.00,0,0,0
368,5/8/2023,100.00,,,100.00,0.00,0,0,0
369,5/5/2023,100.00,,,100.00,0.00,0,0,0
370,5/4/2023,100.00,,,100.00,0.00,0,0,0
371,5/3/2023,100.00,,,100.00,0.00,0,0,0
372,5/2/2023,100.00,,,100.00,0.00,0,0,0
373,4/28/2023,100.00,,,100.00,0.00,0,0,0
374,4/27/2023,100.00,,,100.00,0.00,0,0,0
375,4/26/2023,100.00,,,100.00,0.00,0,0,0
376,4/25/2023,100.00,,,100.00,0.00,0,0,0
377,4/24/2023,100.00,,,100.00,0.00,0,0,0
378,4/20/2023,100.00,,,100.00,0.00,0,0,0
379,4/19/2023,100.00,,,100.00,0.00,0,0,0
380,4/18/2023,100.00,,,100.00,0.00,0,0,0
381,4/13/2023,100.00,,,100.00,0.00,0,0,0
382,4/12/2023,100.00,,,100.00,0.00,0,0,0
383,4/11/2023,100.00,,,100.00,0.00,0,0,0
384,4/10/2023,100.00,,,100.00,0.00,0,0,0
385,4/7/2023,100.00,,,100.00,0.00,0,0,0
386,4/6/2023,100.00,,,100.00,0.00,0,0,0
387,4/5/2023,100.00,,,100.00,0.00,0,0,0
388,4/4/2023,100.00,,,100.00,0.00,0,0,0
389,4/3/2023,100.00,,,100.00,0.00,0,0,0
390,3/31/2023,100.00,,,100.00,0.00,0,0,0
391,3/30/2023,100.00,,,100.00,0.00,0,0,0
392,3/29/2023,100.00,,,100.00,0.00,0,0,0
393,3/28/2023,100.00,,,100.00,0.00,0,0,0
394,3/27/2023,100.00,,,100.00,0.00,0,0,0
395,3/24/2023,100.00,,,100.00,0.00,0,0,0
396,3/23/2023,100.00,,,100.00,0.00,0,0,0
397,3/22/2023,100.00,,,100.00,0.00,0,0,0
398,3/21/2023,100.00,,,100.00,0.00,0,0,0
399,3/20/2023,100.00,,,100.00,0.00,0,0,0
400,3/17/2023,100.00,,,100.00,0.00,0,0,0
401,3/16/2023,100.00,,,100.00,0.00,0,0,0
402,3/15/2023,100.00,,,100.00,0.00,0,0,0
403,3/14/2023,100.00,,,100.00,0.00,0,0,0
404,3/13/2023,100.00,,,100.00,0.00,0,0,0
405,3/10/2023,100.00,,,100.00,0.00,0,0,0
406,3/9/2023,100.00,,,100.00,0.00,0,0,0
407,3/8/2023,100.00,,,100.00,0.00,0,0,0
408,3/7/2023,100.00,,,100.00,0.00,0,0,0
409,3/6/2023,100.00,,,100.00,0.00,0,0,0
410,3/3/2023,100.00,,,100.00,0.00,0,0,0
411,3/2/2023,100.00,,,100.00,0.00,0,0,0
412,3/1/2023,100.00,,,100.00,0.00,0,0,0
413,2/28/2023,100.00,,,100.00,0.00,0,0,0
414,2/27/2023,100.00,,,100.00,0.00,0,0,0
415,2/24/2023,100.00,,,100.00,0.00,0,0,0
416,2/23/2023,100.00,,,100.00,0.00,0,0,0
417,2/22/2023,100.00,,,100.00,0.00,0,0,0
418,2/21/2023,100.00,,,100.00,0.00,0,0,0
419,2/20/2023,100.00,,,100.00,0.00,0,0,0
420,2/17/2023,100.00,,,100.00,0.00,0,0,0
421,2/16/2023,100.00,,,100.00,0.00,0,0,0
422,2/15/2023,100.00,,,100.00,0.00,0,0,0
423,2/14/2023,100.00,,,100.00,0.00,0,0,0
424,2/13/2023,100.00,,,100.00,0.00,0,0,0
425,2/10/2023,100.00,,,100.00,0.00,0,0,0
426,2/9/2023,100.00,,,100.00,0.00,0,0,0
427,2/8/2023,100.00,,,100.00,0.00,0,0,0
428,2/7/2023,100.00,,,100.00,0.00,0,0,0
429,2/6/2023,100.00,,,100.00,0.00,0,0,0
430,2/3/2023,100.00,,,100.00,0.00,0,0,0
431,2/2/2023,100.00,,,100.00,0.00,0,0,0
432,2/1/2023,100.00,,,100.00,0.00,0,0,0
433,1/31/2023,100.00,,,100.00,0.00,0,0,0
434,1/30/2023,100.00,,,100.00,0.00,0,0,0
435,1/27/2023,100.00,,,100.00,0.00,0,0,0
436,1/26/2023,100.00,,,100.00,0.00,0,0,0
437,1/25/2023,100.00,,,100.00,0.00,0,0,0
438,1/24/2023,100.00,,,100.00,0.00,0,0,0
439,1/23/2023,100.00,,,100.00,0.00,0,0,0
440,1/20/2023,100.00,,,100.00,0.00,0,0,0
441,1/18/2023,100.00,,,100.00,0.00,0,0,0
442,1/17/2023,100.00,,,100.00,0.00,0,0,0
443,1/16/2023,100.00,,,100.00,0.00,0,0,0
444,1/13/2023,100.00,,,100.00,0.00,0,0,0
445,1/12/2023,100.00,,,100.00,0.00,0,0,0
446,1/11/2023,100.00,,,100.00,0.00,0,0,0
447,1/10/2023,100.00,,,100.00,0.00,0,0,0
448,1/9/2023,100.00,,,100.00,0.00,0,0,0
449,1/5/2023,100.00,,,100.00,0.00,0,0,0
450,1/4/2023,100.00,,,100.00,0.00,0,0,0
451,1/3/2023,100.00,,,100.00,0.00,0,0,0
452,12/29/2022,100.00,,,100.00,0.00,0,0,0
453,12/28/2022,100.00,,,100.00,0.00,0,0,0
454,12/27/2022,100.00,,,100.00,0.00,0,0,0
455,12/26/2022,100.00,,,100.00,0.00,0,0,0
456,12/23/2022,100.00,,,100.00,0.00,0,0,0
457,12/22/2022,100.00,,,100.00,0.00,0,0,0
458,12/21/2022,100.00,,,100.00,0.00,0,0,0
459,12/20/2022,100.00,,,100.00,0.00,0,0,0
460,12/19/2022,100.00,,,100.00,0.00,0,0,0
461,12/16/2022,100.00,,,100.00,0.00,0,0,0
462,12/15/2022,100.00,,,100.00,0.00,0,0,0
463,12/14/2022,100.00,,,100.00,0.00,0,0,0
464,12/13/2022,100.00,,,100.00,0.00,0,0,0
465,12/12/2022,100.00,,,100.00,0.00,0,0,0
466,12/9/2022,100.00,,,100.00,0.00,0,0,0
467,12/7/2022,100.00,,,100.00,0.00,0,0,0
468,12/6/2022,100.00,,,100.00,0.00,0,0,0
469,12/5/2022,100.00,,,100.00,0.00,0,0,0
470,12/2/2022,100.00,,,100.00,0.00,0,0,0
471,12/1/2022,100.00,,,100.00,0.00,0,0,0
472,11/30/2022,100.00,,,100.00,0.00,0,0,0
473,11/29/2022,100.00,,,100.00,0.00,0,0,0
474,11/28/2022,100.00,,,100.00,0.00,0,0,0
475,11/25/2022,100.00,,,100.00,0.00,0,0,0
476,11/24/2022,100.00,,,100.00,0.00,0,0,0
477,11/23/2022,100.00,,,100.00,0.00,0,0,0
478,11/22/2022,100.00,,,100.00,0.00,0,0,0
479,11/21/2022,100.00,,,100.00,0.00,0,0,0
480,11/18/2022,100.00,,,100.00,0.00,0,0,0
481,11/17/2022,100.00,,,100.00,0.00,0,0,0
482,11/16/2022,100.00,,,100.00,0.00,0,0,0
483,11/15/2022,100.00,,,100.00,0.00,0,0,0
484,11/14/2022,100.00,,,100.00,0.00,0,0,0
485,11/11/2022,100.00,,,100.00,0.00,0,0,0
486,11/10/2022,100.00,,,100.00,0.00,0,0,0
487,11/9/2022,100.00,,,100.00,0.00,0,0,0
488,11/8/2022,100.00,,,100.00,0.00,0,0,0
489,11/8/2022,100.00,,,100.00,0.00,0,0,0
490,11/7/2022,100.00,,,100.00,0.00,0,0,0
491,11/4/2022,100.00,,,100.00,0.00,0,0,0
492,11/3/2022,100.00,,,100.00,0.00,0,0,0
493,11/2/2022,100.00,,,100.00,0.00,0,0,0
494,11/1/2022,100.00,,,100.00,0.00,0,0,0
495,10/31/2022,100.00,,,100.00,0.00,0,0,0
496,10/28/2022,100.00,,,100.00,0.00,0,0,0
497,10/27/2022,100.00,,,100.00,0.00,0,0,0
498,10/26/2022,100.00,,,100.00,0.00,0,0,0
499,10/25/2022,100.00,,,100.00,0.00,0,0,0
500,10/21/2022,100.00,,,100.00,0.00,0,0,0
501,10/20/2022,100.00,,,100.00,0.00,0,0,0
502,10/19/2022,100.00,,,100.00,0.00,0,0,0
503,10/18/2022,100.00,,,100.00,0.00,0,0,0
504,10/17/2022,100.00,,,100.00,0.00,0,0,0
505,10/14/2022,100.00,,,100.00,0.00,0,0,0
506,10/13/2022,100.00,,,100.00,0.00,0,0,0
507,10/12/2022,100.00,,,100.00,0.00,0,0,0
508,10/10/2022,100.00,,,100.00,0.00,0,0,0
509,10/7/2022,100.00,,,100.00,0.00,0,0,0
510,10/6/2022,100.00,,,100.00,0.00,0,0,0
511,10/5/2022,100.00,,,100.00,0.00,0,0,0
512,10/4/2022,100.00,,,100.00,0.00,0,0,0
513,10/3/2022,100.00,,,100.00,0.00,0,0,0
514,9/30/2022,100.00,,,100.00,0.00,0,0,0
515,9/29/2022,100.00,,,100.00,0.00,0,0,0
516,9/28/2022,100.00,,,100.00,0.00,0,0,0
517,9/27/2022,100.00,,,100.00,0.00,0,0,0
518,9/26/2022,100.00,,,100.00,0.00,0,0,0
519,9/23/2022,100.00,,,100.00,0.00,0,0,0
520,9/22/2022,100.00,,,100.00,0.00,0,0,0
521,9/21/2022,100.00,,,100.00,0.00,0,0,0
522,9/20/2022,100.00,,,100.00,0.00,0,0,0
523,9/19/2022,100.00,,,100.00,0.00,0,0,0
524,9/16/2022,100.00,,,100.00,0.00,0,0,0
525,9/15/2022,100.00,,,100.00,0.00,0,0,0
526,9/14/2022,100.00,,,100.00,0.00,0,0,0
527,9/13/2022,100.00,,,100.00,0.00,0,0,0
528,9/12/2022,100.00,,,100.00,0.00,0,0,0
529,9/9/2022,100.00,,,100.00,0.00,0,0,0
530,9/7/2022,100.00,,,100.00,0.00,0,0,0
531,9/6/2022,100.00,,,100.00,0.00,0,0,0
532,9/5/2022,100.00,,,100.00,0.00,0,0,0
533,9/2/2022,100.00,,,100.00,0.00,0,0,0
534,9/1/2022,100.00,,,100.00,0.00,0,0,0
535,8/31/2022,100.00,,,100.00,0.00,0,0,0
536,8/30/2022,100.00,,,100.00,0.00,0,0,0
537,8/29/2022,100.00,,,100.00,0.00,0,0,0
538,8/26/2022,100.00,,,100.00,0.00,0,0,0
539,8/25/2022,100.00,,,100.00,0.00,0,0,0
540,8/24/2022,100.00,,,100.00,0.00,0,0,0
541,8/23/2022,100.00,,,100.00,0.00,0,0,0
542,8/22/2022,100.00,,,100.00,0.00,0,0,0
543,8/19/2022,100.00,,,100.00,0.00,0,0,0
544,8/18/2022,100.00,,,100.00,0.00,0,0,0
545,8/17/2022,100.00,,,100.00,0.00,0,0,0
546,8/16/2022,100.00,,,100.00,0.00,0,0,0
547,8/15/2022,100.00,,,100.00,0.00,0,0,0
548,8/12/2022,100.00,,,100.00,0.00,0,0,0
549,8/11/2022,100.00,,,100.00,0.00,0,0,0
550,8/10/2022,100.00,,,100.00,0.00,0,0,0
551,8/9/2022,100.00,,,100.00,0.00,0,0,0
552,8/8/2022,100.00,,,100.00,0.00,0,0,0
553,8/5/2022,100.00,,,100.00,0.00,0,0,0
554,8/4/2022,100.00,,,100.00,0.00,0,0,0
555,8/3/2022,100.00,,,100.00,0.00,0,0,0
556,8/1/2022,100.00,,,100.00,0.00,0,0,0
557,7/29/2022,100.00,,,100.00,0.00,0,0,0
558,7/28/2022,100.00,,,100.00,0.00,0,0,0
559,7/27/2022,100.00,,,100.00,0.00,0,0,0
560,7/26/2022,100.00,,,100.00,0.00,0,0,0
561,7/25/2022,100.00,,,100.00,0.00,0,0,0
562,7/22/2022,100.00,,,100.00,0.00,0,0,0
563,7/21/2022,100.00,,,100.00,0.00,0,0,0
564,7/20/2022,100.00,,,100.00,0.00,0,0,0
565,7/19/2022,100.00,,,100.00,0.00,0,0,0
566,7/18/2022,100.00,,,100.00,0.00,0,0,0
567,7/15/2022,100.00,,,100.00,0.00,0,0,0
568,7/14/2022,100.00,,,100.00,0.00,0,0,0
569,7/13/2022,100.00,,,100.00,0.00,0,0,0
570,7/12/2022,100.00,,,100.00,0.00,0,0,0
571,7/11/2022,100.00,,,100.00,0.00,0,0,0
572,7/8/2022,100.00,,,100.00,0.00,0,0,0
573,7/7/2022,100.00,,,100.00,0.00,0,0,0
574,7/6/2022,100.00,,,100.00,0.00,0,0,0
575,7/5/2022,100.00,,,100.00,0.00,0,0,0
576,7/4/2022,100.00,,,100.00,0.00,0,0,0
577,7/1/2022,100.00,,,100.00,0.00,0,0,0
578,6/30/2022,100.00,,,100.00,0.00,0,0,0
579,6/29/2022,100.00,,,100.00,0.00,0,0,0
580,6/28/2022,100.00,,,100.00,0.00,0,0,0
581,6/27/2022,100.00,,,100.00,0.00,0,0,0
582,6/24/2022,100.00,,,100.00,0.00,0,0,0
583,6/23/2022,100.00,,,100.00,0.00,0,0,0
584,6/22/2022,100.00,,,100.00,0.00,0,0,0
585,6/21/2022,100.00,,,100.00,0.00,0,0,0
586,6/20/2022,100.00,,,100.00,0.00,0,0,0
587,6/17/2022,100.00,,,100.00,0.00,0,0,0
588,6/16/2022,100.00,,,100.00,0.00,0,0,0
589,6/15/2022,100.00,,,100.00,0.00,0,0,0
590,6/14/2022,100.00,,,100.00,0.00,0,0,0
591,6/13/2022,100.00,,,100.00,0.00,0,0,0
592,6/9/2022,100.00,,,100.00,0.00,0,0,0
593,6/8/2022,100.00,,,100.00,0.00,0,0,0
594,6/7/2022,100.00,,,100.00,0.00,0,0,0
595,6/6/2022,100.00,,,100.00,0.00,0,0,0
596,6/3/2022,100.00,,,100.00,0.00,0,0,0
597,6/2/2022,100.00,,,100.00,0.00,0,0,0
598,6/1/2022,100.00,,,100.00,0.00,0,0,0
599,5/31/2022,100.00,,,100.00,0.00,0,0,0
600,5/30/2022,100.00,,,100.00,0.00,0,0,0
601,5/27/2022,100.00,,,100.00,0.00,0,0,0
602,5/26/2022,100.00,,,100.00,0.00,0,0,0
603,5/25/2022,100.00,,,100.00,0.00,0,0,0
604,5/23/2022,100.00,,,100.00,0.00,0,0,0
605,5/20/2022,100.00,,,100.00,0.00,0,0,0
606,5/19/2022,100.00,,,100.00,0.00,0,0,0
607,5/18/2022,100.00,,,100.00,0.00,0,0,0
608,5/17/2022,100.00,,,100.00,0.00,0,0,0
609,5/16/2022,100.00,,,100.00,0.00,0,0,0
610,5/13/2022,100.00,,,100.00,0.00,0,0,0
611,5/12/2022,100.00,,,100.00,0.00,0,0,0
612,5/11/2022,100.00,,,100.00,0.00,0,0,0
613,5/10/2022,100.00,,,100.00,0.00,0,0,0
614,5/9/2022,100.00,,,100.00,0.00,0,0,0
615,5/6/2022,100.00,,,100.00,0.00,0,0,0
616,5/5/2022,100.00,,,100.00,0.00,0,0,0
617,5/4/2022,100.00,,,100.00,0.00,0,0,0
618,5/3/2022,100.00,,,100.00,0.00,0,0,0
619,4/29/2022,100.00,,,100.00,0.00,0,0,0
620,4/28/2022,100.00,,,100.00,0.00,0,0,0
621,4/27/2022,100.00,,,100.00,0.00,0,0,0
622,4/26/2022,100.00,,,100.00,0.00,0,0,0
623,4/21/2022,100.00,,,100.00,0.00,0,0,0
624,4/20/2022,100.00,,,100.00,0.00,0,0,0
625,4/19/2022,100.00,,,100.00,0.00,0,0,0
626,4/18/2022,100.00,,,100.00,0.00,0,0,0
627,4/15/2022,100.00,,,100.00,0.00,0,0,0
628,4/14/2022,100.00,,,100.00,0.00,0,0,0
629,4/13/2022,100.00,,,100.00,0.00,0,0,0
630,4/12/2022,100.00,,,100.00,0.00,0,0,0
631,4/11/2022,100.00,,,100.00,0.00,0,0,0
632,4/8/2022,100.00,,,100.00,0.00,0,0,0
633,4/7/2022,100.00,,,100.00,0.00,0,0,0
634,4/6/2022,100.00,,,100.00,0.00,0,0,0
635,4/5/2022,100.00,,,100.00,0.00,0,0,0
636,4/4/2022,100.00,,,100.00,0.00,0,0,0
637,4/1/2022,100.00,,,100.00,0.00,0,0,0
638,3/31/2022,100.00,,,100.00,0.00,0,0,0
639,3/30/2022,100.00,,,100.00,0.00,0,0,0
640,3/29/2022,100.00,,,100.00,0.00,0,0,0
641,3/28/2022,100.00,,,100.00,0.00,0,0,0
642,3/25/2022,100.00,,,100.00,0.00,0,0,0
643,3/24/2022,100.00,,,100.00,0.00,0,0,0
644,3/23/2022,100.00,,,100.00,0.00,0,0,0
645,3/22/2022,100.00,,,100.00,0.00,0,0,0
646,3/21/2022,100.00,,,100.00,0.00,0,0,0
647,3/18/2022,100.00,,,100.00,0.00,0,0,0
648,3/17/2022,100.00,,,100.00,0.00,0,0,0
649,3/16/2022,100.00,,,100.00,0.00,0,0,0
650,3/15/2022,100.00,,,100.00,0.00,0,0,0
651,3/14/2022,100.00,,,100.00,0.00,0,0,0
652,3/11/2022,100.00,,,100.00,0.00,0,0,0
653,3/10/2022,100.00,,,100.00,0.00,0,0,0
654,3/9/2022,100.00,,,100.00,0.00,0,0,0
655,3/8/2022,100.00,,,100.00,0.00,0,0,0
656,3/7/2022,100.00,,,100.00,0.00,0,0,0
657,3/4/2022,100.00,,,100.00,0.00,0,0,0
658,3/3/2022,100.00,,,100.00,0.00,0,0,0
659,3/2/2022,100.00,,,100.00,0.00,0,0,0
660,3/1/2022,100.00,,,100.00,0.00,0,0,0
661,2/28/2022,100.00,,,100.00,0.00,0,0,0
662,2/25/2022,100.00,,,100.00,0.00,0,0,0
663,2/24/2022,100.00,,,100.00,0.00,0,0,0
664,2/23/2022,100.00,,,100.00,0.00,0,0,0
665,2/22/2022,100.00,,,100.00,0.00,0,0,0
666,2/21/2022,100.00,,,100.00,0.00,0,0,0
667,2/18/2022,100.00,,,100.00,0.00,0,0,0
668,2/17/2022,100.00,,,100.00,0.00,0,0,0
669,2/16/2022,100.00,,,100.00,0.00,0,0,0
670,2/15/2022,100.00,,,100.00,0.00,0,0,0
671,2/14/2022,100.00,,,100.00,0.00,0,0,0
672,2/11/2022,100.00,,,100.00,0.00,0,0,0
673,2/10/2022,100.00,,,100.00,0.00,0,0,0
674,2/9/2022,100.00,,,100.00,0.00,0,0,0
675,2/8/2022,100.00,,,100.00,0.00,0,0,0
676,2/7/2022,100.00,,,100.00,0.00,0,0,0
677,2/4/2022,100.00,,,100.00,0.00,0,0,0
678,2/3/2022,100.00,,,100.00,0.00,0,0,0
679,2/2/2022,100.00,,,100.00,0.00,0,0,0
680,2/1/2022,100.00,,,100.00,0.00,0,0,0
681,1/31/2022,100.00,,,100.00,0.00,0,0,0
682,1/28/2022,100.00,,,100.00,0.00,0,0,0
683,1/27/2022,100.00,,,100.00,0.00,0,0,0
684,1/26/2022,100.00,,,100.00,0.00,0,0,0
685,1/25/2022,100.00,,,100.00,0.00,0,0,0
686,1/24/2022,100.00,,,100.00,0.00,0,0,0
687,1/21/2022,100.00,,,100.00,0.00,0,0,0
688,1/20/2022,100.00,,,100.00,0.00,0,0,0
689,1/18/2022,100.00,,,100.00,0.00,0,0,0
690,1/17/2022,100.00,,,100.00,0.00,0,0,0
691,1/14/2022,100.00,,,100.00,0.00,0,0,0
692,1/13/2022,100.00,,,100.00,0.00,0,0,0
693,1/12/2022,100.00,,,100.00,0.00,0,0,0
694,1/11/2022,100.00,,,100.00,0.00,0,0,0
695,1/10/2022,100.00,,,100.00,0.00,0,0,0
696,1/5/2022,100.00,,,100.00,0.00,0,0,0
697,1/4/2022,100.00,,,100.00,0.00,0,0,0
698,1/3/2022,100.00,,,100.00,0.00,0,0,0
699,12/30/2021,100.00,,,100.00,0.00,0,0,0
700,12/29/2021,100.00,,,100.00,0.00,0,0,0
701,12/28/2021,100.00,,,100.00,0.00,0,0,0
702,12/27/2021,100.00,,,100.00,0.00,0,0,0
703,12/24/2021,100.00,,,100.00,0.00,0,0,0
704,12/23/2021,100.00,,,100.00,0.00,0,0,0
705,12/22/2021,100.00,,,100.00,0.00,0,0,0
706,12/21/2021,100.00,,,100.00,0.00,0,0,0
707,12/20/2021,100.00,,,100.00,0.00,0,0,0
708,12/17/2021,100.00,,,100.00,0.00,0,0,0
709,12/16/2021,100.00,,,100.00,0.00,0,0,0
710,12/15/2021,100.00,,,100.00,0.00,0,0,0
711,12/14/2021,100.00,,,100.00,0.00,0,0,0
712,12/13/2021,100.00,,,100.00,0.00,0,0,0
713,12/10/2021,100.00,100.00,100.00,100.00,0.00,"1,500","92,542,500","92,542,500"
714,12/9/2021,100.00,,,100.00,0.00,0,0,0
715,12/7/2021,100.00,,,100.00,0.00,0,0,0
716,12/6/2021,100.00,,,100.00,0.00,0,0,0
717,12/3/2021,100.00,,,100.00,0.00,0,0,0
718,12/2/2021,100.00,,,100.00,0.00,0,0,0
719,12/1/2021,100.00,,,100.00,0.00,0,0,0
720,11/30/2021,100.00,,,100.00,0.00,0,0,0
721,11/29/2021,100.00,,,100.00,0.00,0,0,0
722,11/26/2021,100.00,,,100.00,0.00,0,0,0
723,11/25/2021,100.00,,,100.00,0.00,0,0,0
724,11/24/2021,100.00,,,100.00,0.00,0,0,0
725,11/23/2021,100.00,,,100.00,0.00,0,0,0
726,11/22/2021,100.00,,,100.00,0.00,0,0,0
727,11/19/2021,100.00,,,100.00,0.00,0,0,0
728,11/18/2021,100.00,,,100.00,0.00,0,0,0
729,11/17/2021,100.00,,,100.00,0.00,0,0,0
730,11/16/2021,100.00,,,100.00,0.00,0,0,0
731,11/15/2021,100.00,,,100.00,0.00,0,0,0
732,11/12/2021,100.00,,,100.00,0.00,0,0,0
733,11/11/2021,100.00,,,100.00,0.00,0,0,0
734,11/10/2021,100.00,,,100.00,0.00,0,0,0
735,11/9/2021,100.00,,,100.00,0.00,0,0,0
736,11/8/2021,100.00,,,100.00,0.00,0,0,0
737,11/8/2021,100.00,,,100.00,0.00,0,0,0
738,11/5/2021,100.00,,,100.00,0.00,0,0,0
739,11/4/2021,100.00,,,100.00,0.00,0,0,0
740,11/3/2021,100.00,,,100.00,0.00,0,0,0
741,11/2/2021,100.00,,,100.00,0.00,0,0,0
742,11/1/2021,100.00,,,100.00,0.00,0,0,0
743,10/29/2021,100.00,,,100.00,0.00,0,0,0
744,10/28/2021,100.00,,,100.00,0.00,0,0,0
745,10/27/2021,100.00,,,100.00,0.00,0,0,0
746,10/26/2021,100.00,,,100.00,0.00,0,0,0
747,10/25/2021,100.00,,,100.00,0.00,0,0,0
748,10/22/2021,100.00,,,100.00,0.00,0,0,0
749,10/21/2021,100.00,,,100.00,0.00,0,0,0
750,10/20/2021,100.00,,,100.00,0.00,0,0,0
751,10/19/2021,100.00,100.00,100.00,100.00,0.00,250,"15,423,750","15,423,750"
752,10/18/2021,100.00,,,100.00,0.00,0,0,0
753,10/15/2021,100.00,,,100.00,0.00,0,0,0
754,10/14/2021,100.00,,,100.00,0.00,0,0,0
755,10/13/2021,100.00,,,100.00,0.00,0,0,0
756,10/12/2021,100.00,,,100.00,0.00,0,0,0
757,10/8/2021,100.00,,,100.00,0.00,0,0,0
758,10/7/2021,100.00,,,100.00,0.00,0,0,0
759,10/6/2021,100.00,,,100.00,0.00,0,0,0
760,10/5/2021,100.00,,,100.00,0.00,0,0,0
761,10/4/2021,100.00,,,100.00,0.00,0,0,0
762,10/1/2021,100.00,,,100.00,0.00,0,0,0
763,9/30/2021,100.00,,,100.00,0.00,0,0,0
764,9/29/2021,100.00,,,100.00,0.00,0,0,0
765,9/28/2021,100.00,,,100.00,0.00,0,0,0
766,9/27/2021,100.00,,,100.00,0.00,0,0,0
767,9/24/2021,100.00,,,100.00,0.00,0,0,0
768,9/23/2021,100.00,,,100.00,0.00,0,0,0
769,9/22/2021,100.00,,,100.00,0.00,0,0,0
770,9/21/2021,100.00,,,100.00,0.00,0,0,0
771,9/20/2021,100.00,,,100.00,0.00,0,0,0
772,9/17/2021,100.00,,,100.00,0.00,0,0,0
773,9/16/2021,100.00,,,100.00,0.00,0,0,0
774,9/15/2021,100.00,100.00,100.00,100.00,0.00,250,"15,400,750","15,400,750"
775,9/14/2021,100.00,,,100.00,0.00,0,0,0
776,9/13/2021,100.00,,,100.00,0.00,0,0,0
777,9/10/2021,100.00,,,100.00,0.00,0,0,0
778,9/9/2021,100.00,,,100.00,0.00,0,0,0
779,9/7/2021,100.00,,,100.00,0.00,0,0,0
780,9/6/2021,100.00,,,100.00,0.00,0,0,0
781,9/3/2021,100.00,,,100.00,0.00,0,0,0
782,9/2/2021,100.00,,,100.00,0.00,0,0,0
783,9/1/2021,100.00,,,100.00,0.00,0,0,0
784,8/31/2021,100.00,,,100.00,0.00,0,0,0
785,8/30/2021,100.00,,,100.00,0.00,0,0,0
786,8/27/2021,100.00,,,100.00,0.00,0,0,0
787,8/26/2021,100.00,,,100.00,0.00,0,0,0
788,8/25/2021,100.00,,,100.00,0.00,0,0,0
789,8/24/2021,100.00,,,100.00,0.00,0,0,0
790,8/23/2021,100.00,,,100.00,0.00,0,0,0
791,8/20/2021,100.00,,,100.00,0.00,0,0,0
792,8/19/2021,100.00,100.00,100.00,100.00,0.00,250,"15,374,825","15,374,825"
793,8/18/2021,100.00,,,100.00,0.00,0,0,0
794,8/17/2021,100.00,,,100.00,0.00,0,0,0
795,8/16/2021,100.00,,,100.00,0.00,0,0,0
796,8/13/2021,100.00,,,100.00,0.00,0,0,0
797,8/12/2021,100.00,,,100.00,0.00,0,0,0
798,8/11/2021,100.00,,,100.00,0.00,0,0,0
799,8/10/2021,100.00,,,100.00,0.00,0,0,0
800,8/9/2021,100.00,,,100.00,0.00,0,0,0
801,8/6/2021,100.00,,,100.00,0.00,0,0,0
802,8/5/2021,100.00,,,100.00,0.00,0,0,0
803,8/4/2021,100.00,,,100.00,0.00,0,0,0
804,8/3/2021,100.00,,,100.00,0.00,0,0,0
805,7/30/2021,100.00,,,100.00,0.00,0,0,0
806,7/29/2021,100.00,,,100.00,0.00,0,0,0
807,7/28/2021,100.00,,,100.00,0.00,0,0,0
808,7/27/2021,100.00,,,100.00,0.00,0,0,0
809,7/26/2021,100.00,,,100.00,0.00,0,0,0
810,7/23/2021,100.00,,,100.00,0.00,0,0,0
811,7/22/2021,100.00,,,100.00,0.00,0,0,0
812,7/21/2021,100.00,,,100.00,0.00,0,0,0
813,7/20/2021,100.00,,,100.00,0.00,0,0,0
814,7/19/2021,100.00,,,100.00,0.00,0,0,0
815,7/16/2021,100.00,,,100.00,0.00,0,0,0
816,7/15/2021,100.00,,,100.00,0.00,0,0,0
817,7/14/2021,100.00,,,100.00,0.00,0,0,0
818,7/13/2021,100.00,,,100.00,0.00,0,0,0
819,7/12/2021,100.00,,,100.00,0.00,0,0,0
820,7/9/2021,100.00,,,100.00,0.00,0,0,0
821,7/8/2021,100.00,100.00,100.00,100.00,0.00,250,"15,412,175","15,412,175"
822,7/7/2021,100.00,,,100.00,0.00,0,0,0
823,7/6/2021,100.00,,,100.00,0.00,0,0,0
824,7/5/2021,100.00,,,100.00,0.00,0,0,0
825,7/2/2021,100.00,,,100.00,0.00,0,0,0
826,7/1/2021,100.00,,,100.00,0.00,0,0,0
827,6/30/2021,100.00,,,100.00,0.00,0,0,0
828,6/29/2021,100.00,,,100.00,0.00,0,0,0
829,6/28/2021,100.00,,,100.00,0.00,0,0,0
830,6/25/2021,100.00,,,100.00,0.00,0,0,0
831,6/24/2021,100.00,,,100.00,0.00,0,0,0
832,6/23/2021,100.00,,,100.00,0.00,0,0,0
833,6/22/2021,100.00,,,100.00,0.00,0,0,0
834,6/21/2021,100.00,,,100.00,0.00,0,0,0
835,6/17/2021,100.00,,,100.00,0.00,0,0,0
836,6/16/2021,100.00,,,100.00,0.00,0,0,0
837,6/15/2021,100.00,,,100.00,0.00,0,0,0
838,6/14/2021,100.00,,,100.00,0.00,0,0,0
839,6/11/2021,100.00,,,100.00,0.00,0,0,0
840,6/10/2021,100.00,,,100.00,0.00,0,0,0
841,6/9/2021,100.00,100.00,100.00,100.00,,500,"30,839,750","30,839,750"
842,6/8/2021,,,,,,0,0,0
843,6/7/2021,,,,,,0,0,0
844,6/4/2021,,,,,,0,0,0
845,6/3/2021,,,,,,0,0,0
846,6/2/2021,,,,,,0,0,0
847,6/1/2021,,,,,,0,0,0
848,5/31/2021,,,,,,0,0,0
849,5/28/2021,,,,,,0,0,0
850,5/27/2021,,,,,,0,0,0
851,5/26/2021,,,,,,0,0,0
852,5/25/2021,,,,,,0,0,0
853,5/21/2021,,,,,,0,0,0
854,5/20/2021,,,,,,0,0,0
855,5/19/2021,,,,,,0,0,0
856,5/18/2021,,,,,,0,0,0
857,5/17/2021,,,,,,0,0,0
858,5/14/2021,,,,,,0,0,0
859,5/12/2021,,,,,,0,0,0
860,5/11/2021,,,,,,0,0,0
861,5/10/2021,,,,,,0,0,0
862,5/7/2021,,,,,,0,0,0
863,5/6/2021,,,,,,0,0,0
864,5/5/2021,,,,,,0,0,0
865,5/4/2021,,,,,,0,0,0
866,4/29/2021,,,,,,0,0,0
867,4/28/2021,,,,,,0,0,0
868,4/27/2021,,,,,,0,0,0
869,4/26/2021,,,,,,0,0,0
870,4/23/2021,,,,,,0,0,0
871,4/22/2021,,,,,,0,0,0
872,4/21/2021,,,,,,0,0,0
873,4/20/2021,,,,,,0,0,0
874,4/19/2021,,,,,,0,0,0
875,4/16/2021,,,,,,0,0,0
876,4/15/2021,,,,,,0,0,0
877,4/14/2021,,,,,,0,0,0
878,4/13/2021,,,,,,0,0,0
879,4/12/2021,,,,,,0,0,0
880,4/9/2021,,,,,,0,0,0
881,4/8/2021,,,,,,0,0,0
882,4/7/2021,,,,,,0,0,0
883,4/6/2021,,,,,,0,0,0
884,4/5/2021,,,,,,0,0,0
885,4/2/2021,,,,,,0,0,0
886,4/1/2021,,,,,,0,0,0
887,3/31/2021,,,,,,0,0,0
888,3/30/2021,,,,,,0,0,0
889,3/29/2021,,,,,,0,0,0
890,3/26/2021,,,,,,0,0,0
891,3/25/2021,,,,,,0,0,0
892,3/24/2021,,,,,,0,0,0
893,3/23/2021,,,,,,0,0,0
894,3/22/2021,,,,,,0,0,0
895,3/19/2021,,,,,,0,0,0
896,3/18/2021,,,,,,0,0,0
897,3/17/2021,,,,,,0,0,0
898,3/16/2021,,,,,,0,0,0
899,3/15/2021,,,,,,0,0,0
900,3/12/2021,,,,,,0,0,0
901,3/11/2021,,,,,,0,0,0
902,3/10/2021,,,,,,0,0,0
903,3/9/2021,,,,,,0,0,0
904,3/8/2021,,,,,,0,0,0
905,3/5/2021,,,,,,0,0,0
906,3/4/2021,,,,,,0,0,0
907,3/3/2021,,,,,,0,0,0
908,3/2/2021,,,,,,0,0,0
909,3/1/2021,,,,,,0,0,0
910,2/26/2021,,,,,,0,0,0
911,2/25/2021,,,,,,0,0,0
912,2/24/2021,,,,,,0,0,0
913,2/23/2021,,,,,,0,0,0
914,2/22/2021,,,,,,0,0,0
915,2/19/2021,,,,,,0,0,0
916,2/18/2021,,,,,,0,0,0
917,2/17/2021,,,,,,0,0,0
918,2/16/2021,,,,,,0,0,0
919,2/15/2021,,,,,,0,0,0
920,2/12/2021,,,,,,0,0,0
921,2/11/2021,,,,,,0,0,0
922,2/10/2021,,,,,,0,0,0
923,2/9/2021,,,,,,0,0,0
924,2/8/2021,,,,,,0,0,0
925,2/5/2021,,,,,,0,0,0
926,2/4/2021,,,,,,0,0,0
927,2/3/2021,,,,,,0,0,0
928,2/2/2021,,,,,,0,0,0
929,2/1/2021,,,,,,0,0,0
930,1/29/2021,,,,,,0,0,0
931,1/28/2021,,,,,,0,0,0
932,1/27/2021,,,,,,0,0,0
933,1/26/2021,,,,,,0,0,0
934,1/25/2021,,,,,,0,0,0
935,1/22/2021,,,,,,0,0,0
936,1/21/2021,,,,,,0,0,0
937,1/20/2021,,,,,,0,0,0
938,1/18/2021,,,,,,0,0,0
939,1/15/2021,,,,,,0,0,0
940,1/14/2021,,,,,,0,0,0
941,1/13/2021,,,,,,0,0,0
942,1/12/2021,,,,,,0,0,0
943,1/11/2021,,,,,,0,0,0
944,1/8/2021,,,,,,0,0,0
945,1/5/2021,,,,,,0,0,0
946,1/4/2021,,,,,,0,0,0
947,12/30/2020,,,,,,0,0,0
948,12/29/2020,,,,,,0,0,0
949,12/28/2020,,,,,,0,0,0
950,12/25/2020,,,,,,0,0,0
951,12/24/2020,,,,,,0,0,0
952,12/23/2020,,,,,,0,0,0
953,12/22/2020,,,,,,0,0,0
954,12/21/2020,,,,,,0,0,0
955,12/18/2020,,,,,,0,0,0
956,12/17/2020,,,,,,0,0,0
957,12/16/2020,,,,,,0,0,0
958,12/15/2020,,,,,,0,0,0
959,12/14/2020,,,,,,0,0,0
960,12/11/2020,,,,,,0,0,0
961,12/10/2020,,,,,,0,0,0
962,12/9/2020,,,,,,0,0,0
963,12/7/2020,,,,,,0,0,0
964,12/4/2020,,,,,,0,0,0
965,12/3/2020,,,,,,0,0,0
966,12/2/2020,,,,,,0,0,0
967,12/1/2020,,,,,,0,0,0
968,11/30/2020,,,,,,0,0,0
969,11/27/2020,,,,,,0,0,0
970,11/26/2020,,,,,,0,0,0
971,11/25/2020,,,,,,0,0,0
972,11/24/2020,,,,,,0,0,0
973,11/23/2020,,,,,,0,0,0
974,11/20/2020,,,,,,0,0,0
975,11/19/2020,,,,,,0,0,0
976,11/18/2020,,,,,,0,0,0
977,11/17/2020,,,,,,0,0,0
978,11/16/2020,,,,,,0,0,0
979,11/13/2020,,,,,,0,0,0
980,11/12/2020,,,,,,0,0,0
981,11/11/2020,,,,,,0,0,0
982,11/10/2020,,,,,,0,0,0
983,11/9/2020,,,,,,0,0,0
984,11/6/2020,,,,,,0,0,0
985,11/5/2020,,,,,,0,0,0
986,11/4/2020,,,,,,0,0,0
987,11/3/2020,,,,,,0,0,0
988,11/2/2020,,,,,,0,0,0
989,10/30/2020,,,,,,0,0,0
990,10/29/2020,,,,,,0,0,0
991,10/28/2020,,,,,,0,0,0
992,10/27/2020,,,,,,0,0,0
993,10/26/2020,,,,,,0,0,0
994,10/22/2020,,,,,,0,0,0
995,10/21/2020,,,,,,0,0,0
996,10/20/2020,,,,,,0,0,0
997,10/19/2020,,,,,,0,0,0
998,10/16/2020,,,,,,0,0,0
999,10/15/2020,,,,,,0,0,0
1000,10/14/2020,,,,,,0,0,0
1001,10/13/2020,,,,,,0,0,0
1002,10/9/2020,,,,,,0,0,0
1003,10/8/2020,,,,,,0,0,0
1004,10/7/2020,,,,,,0,0,0
1005,10/6/2020,,,,,,0,0,0
1006,10/5/2020,,,,,,0,0,0
1007,10/2/2020,,,,,,0,0,0
1008,10/1/2020,,,,,,0,0,0
1009,9/30/2020,,,,,,0,0,0
1010,9/29/2020,,,,,,0,0,0
1011,9/28/2020,,,,,,0,0,0
1012,9/25/2020,,,,,,0,0,0
1013,9/24/2020,,,,,,0,0,0
1014,9/23/2020,,,,,,0,0,0
1015,9/22/2020,,,,,,0,0,0
1016,9/21/2020,,,,,,0,0,0
1017,9/18/2020,,,,,,0,0,0
1018,9/17/2020,,,,,,0,0,0
1019,9/16/2020,,,,,,0,0,0
1020,9/15/2020,,,,,,0,0,0
1021,9/14/2020,,,,,,0,0,0
1022,9/11/2020,,,,,,0,0,0
1023,9/10/2020,,,,,,0,0,0
1024,9/9/2020,,,,,,0,0,0
1025,9/7/2020,,,,,,0,0,0
1026,9/4/2020,,,,,,0,0,0
1027,9/3/2020,,,,,,0,0,0
1028,9/2/2020,,,,,,0,0,0
1029,9/1/2020,,,,,,0,0,0
1030,8/31/2020,,,,,,0,0,0
1031,8/27/2020,,,,,,0,0,0
1032,8/26/2020,,,,,,0,0,0
1033,8/25/2020,,,,,,0,0,0
1034,8/24/2020,,,,,,0,0,0
1035,8/21/2020,,,,,,0,0,0
1036,8/20/2020,,,,,,0,0,0
1037,8/19/2020,,,,,,0,0,0
1038,8/18/2020,,,,,,0,0,0
1039,8/17/2020,,,,,,0,0,0
1040,8/14/2020,,,,,,0,0,0
1041,8/13/2020,,,,,,0,0,0
1042,8/12/2020,,,,,,0,0,0
1043,8/11/2020,,,,,,0,0,0
1044,8/10/2020,,,,,,0,0,0
1045,8/7/2020,,,,,,0,0,0
1046,8/6/2020,,,,,,0,0,0
1047,8/5/2020,,,,,,0,0,0
1048,8/4/2020,,,,,,0,0,0
1049,7/31/2020,,,,,,0,0,0
1050,7/30/2020,,,,,,0,0,0
1051,7/29/2020,,,,,,0,0,0
1052,7/28/2020,,,,,,0,0,0
1053,7/27/2020,,,,,,0,0,0
1054,7/24/2020,,,,,,0,0,0
1055,7/23/2020,,,,,,0,0,0
1056,7/22/2020,,,,,,0,0,0
1057,7/21/2020,,,,,,0,0,0
1058,7/20/2020,,,,,,0,0,0
1059,7/17/2020,,,,,,0,0,0
1060,7/16/2020,,,,,,0,0,0
1061,7/14/2020,,,,,,0,0,0
1062,7/13/2020,,,,,,0,0,0
1063,7/10/2020,,,,,,0,0,0
1064,7/9/2020,,,,,,0,0,0
1065,7/8/2020,,,,,,0,0,0
1066,7/7/2020,,,,,,0,0,0
1067,7/6/2020,,,,,,0,0,0
1068,7/3/2020,,,,,,0,0,0
1069,7/2/2020,,,,,,0,0,0
1070,7/1/2020,,,,,,0,0,0
1071,6/30/2020,,,,,,0,0,0
1072,6/29/2020,,,,,,0,0,0
1073,6/26/2020,,,,,,0,0,0
1074,6/25/2020,,,,,,0,0,0
1075,6/24/2020,,,,,,0,0,0
1076,6/23/2020,,,,,,0,0,0
1077,6/22/2020,,,,,,0,0,0
1078,6/19/2020,,,,,,0,0,0
1079,6/18/2020,,,,,,0,0,0
1080,6/17/2020,,,,,,0,0,0
1081,6/16/2020,,,,,,0,0,0
1082,6/15/2020,,,,,,0,0,0
1083,6/12/2020,,,,,,0,0,0
1084,6/11/2020,,,,,,0,0,0
1085,6/10/2020,,,,,,0,0,0
1086,6/9/2020,,,,,,0,0,0
1087,6/8/2020,,,,,,0,0,0
1088,6/4/2020,,,,,,0,0,0
1089,6/3/2020,,,,,,0,0,0
1090,6/2/2020,,,,,,0,0,0
1091,6/1/2020,,,,,,0,0,0
1092,5/29/2020,,,,,,0,0,0
1093,5/28/2020,,,,,,0,0,0
1094,5/27/2020,,,,,,0,0,0
1095,5/26/2020,,,,,,0,0,0
1096,5/22/2020,,,,,,0,0,0
1097,5/21/2020,,,,,,0,0,0
1098,5/20/2020,,,,,,0,0,0
1099,5/19/2020,,,,,,0,0,0
1100,5/18/2020,,,,,,0,0,0
1101,5/15/2020,,,,,,0,0,0
1102,5/14/2020,,,,,,0,0,0
1103,5/13/2020,,,,,,0,0,0
1104,5/12/2020,,,,,,0,0,0
1105,5/11/2020,,,,,,0,0,0
1106,5/8/2020,,,,,,0,0,0
1107,5/7/2020,,,,,,0,0,0
1108,5/6/2020,,,,,,0,0,0
1109,5/5/2020,,,,,,0,0,0
1110,5/4/2020,,,,,,0,0,0
1111,4/30/2020,,,,,,0,0,0
1112,4/29/2020,,,,,,0,0,0
1113,4/28/2020,,,,,,0,0,0
1114,4/27/2020,,,,,,0,0,0
1115,4/24/2020,,,,,,0,0,0
1116,4/23/2020,,,,,,0,0,0
1117,4/22/2020,,,,,,0,0,0
1118,4/21/2020,,,,,,0,0,0
1119,4/16/2020,,,,,,0,0,0
1120,4/15/2020,,,,,,0,0,0
1121,4/14/2020,,,,,,0,0,0
1122,4/13/2020,,,,,,0,0,0
1123,4/10/2020,,,,,,0,0,0
1124,4/9/2020,,,,,,0,0,0
1125,4/8/2020,,,,,,0,0,0
1126,4/7/2020,,,,,,0,0,0
1127,4/6/2020,,,,,,0,0,0
1128,4/3/2020,,,,,,0,0,0
1129,4/2/2020,,,,,,0,0,0
1130,4/1/2020,,,,,,0,0,0
1131,3/31/2020,,,,,,0,0,0
1132,3/30/2020,,,,,,0,0,0
1133,3/27/2020,,,,,,0,0,0
1134,3/26/2020,,,,,,0,0,0
1135,3/25/2020,,,,,,0,0,0
1136,3/24/2020,,,,,,0,0,0
1137,3/23/2020,,,,,,0,0,0
1138,3/20/2020,,,,,,0,0,0
1139,3/19/2020,,,,,,0,0,0
1140,3/18/2020,,,,,,0,0,0
1141,3/17/2020,,,,,,0,0,0
1142,3/16/2020,,,,,,0,0,0
1143,3/13/2020,,,,,,0,0,0
1144,3/12/2020,,,,,,0,0,0
1145,3/11/2020,,,,,,0,0,0
1146,3/10/2020,,,,,,0,0,0
1147,3/9/2020,,,,,,0,0,0
1148,3/6/2020,,,,,,0,0,0
1149,3/5/2020,,,,,,0,0,0
1150,3/4/2020,,,,,,0,0,0
1151,3/3/2020,,,,,,0,0,0
1152,3/2/2020,,,,,,0,0,0
1153,2/28/2020,,,,,,0,0,0
1154,2/27/2020,,,,,,0,0,0
1155,2/26/2020,,,,,,0,0,0
1156,2/25/2020,,,,,,0,0,0
1157,2/24/2020,,,,,,0,0,0
1158,2/21/2020,,,,,,0,0,0
1159,2/20/2020,,,,,,0,0,0
1160,2/19/2020,,,,,,0,0,0
1161,2/18/2020,,,,,,0,0,0
1162,2/17/2020,,,,,,0,0,0
1163,2/14/2020,,,,,,0,0,0
1164,2/13/2020,,,,,,0,0,0
1165,2/12/2020,,,,,,0,0,0
1166,2/11/2020,,,,,,0,0,0
1167,2/10/2020,,,,,,0,0,0
1168,2/7/2020,,,,,,0,0,0
1169,2/6/2020,,,,,,0,0,0
1170,2/5/2020,,,,,,0,0,0
1171,2/4/2020,,,,,,0,0,0
1172,2/3/2020,,,,,,0,0,0
1173,1/31/2020,,,,,,0,0,0
1174,1/30/2020,,,,,,0,0,0
1175,1/29/2020,,,,,,0,0,0
1176,1/28/2020,,,,,,0,0,0
1177,1/27/2020,,,,,,0,0,0
1178,1/24/2020,,,,,,0,0,0
1179,1/23/2020,,,,,,0,0,0
1180,1/22/2020,,,,,,0,0,0
1181,1/21/2020,,,,,,0,0,0
1182,1/20/2020,,,,,,0,0,0
1183,1/17/2020,,,,,,0,0,0
1184,1/16/2020,,,,,,0,0,0
1185,1/15/2020,,,,,,0,0,0
1186,1/14/2020,,,,,,0,0,0
1187,1/13/2020,,,,,,0,0,0
1188,1/10/2020,,,,,,0,0,0
1189,1/9/2020,,,,,,0,0,0
1190,1/8/2020,,,,,,0,0,0
1191,1/3/2020,,,,,,0,0,0
1192,1/2/2020,,,,,,0,0,0
1193,12/30/2019,,,,,,0,0,0
1194,12/27/2019,,,,,,0,0,0
1195,12/26/2019,,,,,,0,0,0
1196,12/25/2019,,,,,,0,0,0
1197,12/24/2019,,,,,,0,0,0
1198,12/23/2019,,,,,,0,0,0
1199,12/20/2019,,,,,,0,0,0
1200,12/19/2019,,,,,,0,0,0
1201,12/18/2019,,,,,,0,0,0
1202,12/17/2019,,,,,,0,0,0
1203,12/16/2019,,,,,,0,0,0
1204,12/13/2019,,,,,,0,0,0
1205,12/12/2019,,,,,,0,0,0
1206,12/11/2019,,,,,,0,0,0
1207,12/10/2019,,,,,,0,0,0
1208,12/6/2019,,,,,,0,0,0
1209,12/5/2019,,,,,,0,0,0
1210,12/4/2019,,,,,,0,0,0
1211,12/3/2019,,,,,,0,0,0
1212,12/2/2019,,,,,,0,0,0
1213,11/29/2019,,,,,,0,0,0
1214,11/28/2019,,,,,,0,0,0
1215,11/27/2019,,,,,,0,0,0
1216,11/26/2019,,,,,,0,0,0
1217,11/25/2019,,,,,,0,0,0
1218,11/22/2019,,,,,,0,0,0
1219,11/21/2019,,,,,,0,0,0
1220,11/20/2019,,,,,,0,0,0
1221,11/19/2019,,,,,,0,0,0
1222,11/18/2019,,,,,,0,0,0
1223,11/15/2019,,,,,,0,0,0
1224,11/14/2019,,,,,,0,0,0
1225,11/13/2019,,,,,,0,0,0
1226,11/12/2019,,,,,,0,0,0
1227,11/11/2019,,,,,,0,0,0
1228,11/8/2019,,,,,,0,0,0
1229,11/7/2019,,,,,,0,0,0
1230,11/6/2019,,,,,,0,0,0
1231,11/5/2019,,,,,,0,0,0
1232,11/4/2019,,,,,,0,0,0
1233,11/1/2019,,,,,,0,0,0
1234,10/31/2019,,,,,,0,0,0
1235,10/30/2019,,,,,,0,0,0
1236,10/29/2019,,,,,,0,0,0
1237,10/28/2019,,,,,,0,0,0
1238,10/25/2019,,,,,,0,0,0
1239,10/24/2019,,,,,,0,0,0
1240,10/22/2019,,,,,,0,0,0
1241,10/21/2019,,,,,,0,0,0
1242,10/18/2019,,,,,,0,0,0
1243,10/17/2019,,,,,,0,0,0
1244,10/16/2019,,,,,,0,0,0
1245,10/15/2019,,,,,,0,0,0
1246,10/14/2019,,,,,,0,0,0
1247,10/10/2019,,,,,,0,0,0
1248,10/9/2019,,,,,,0,0,0
1249,10/8/2019,,,,,,0,0,0
1250,10/7/2019,,,,,,0,0,0
1251,10/4/2019,,,,,,0,0,0
1252,10/3/2019,,,,,,0,0,0
1253,10/2/2019,,,,,,0,0,0
1254,10/1/2019,,,,,,0,0,0
1255,9/30/2019,,,,,,0,0,0
1256,9/27/2019,,,,,,0,0,0
1257,9/26/2019,,,,,,0,0,0
1258,9/25/2019,,,,,,0,0,0
1259,9/24/2019,,,,,,0,0,0
1260,9/23/2019,,,,,,0,0,0
1261,9/20/2019,,,,,,0,0,0
1262,9/19/2019,,,,,,0,0,0
1263,9/18/2019,,,,,,0,0,0
1264,9/17/2019,,,,,,0,0,0
1265,9/16/2019,,,,,,0,0,0
1266,9/13/2019,,,,,,0,0,0
1267,9/12/2019,,,,,,0,0,0
1268,9/11/2019,,,,,,0,0,0
1269,9/10/2019,,,,,,0,0,0
1270,9/6/2019,,,,,,0,0,0
1271,9/5/2019,,,,,,0,0,0
1272,9/4/2019,,,,,,0,0,0
1273,9/3/2019,,,,,,0,0,0
1274,9/2/2019,,,,,,0,0,0
1275,8/30/2019,,,,,,0,0,0
1276,8/29/2019,,,,,,0,0,0
1277,8/27/2019,,,,,,0,0,0
1278,8/26/2019,,,,,,0,0,0
1279,8/23/2019,,,,,,0,0,0
1280,8/22/2019,,,,,,0,0,0
1281,8/21/2019,,,,,,0,0,0
1282,8/20/2019,,,,,,0,0,0
1283,8/19/2019,,,,,,0,0,0
1284,8/16/2019,,,,,,0,0,0
1285,8/15/2019,,,,,,0,0,0
1286,8/14/2019,,,,,,0,0,0
1287,8/13/2019,,,,,,0,0,0
1288,8/12/2019,,,,,,0,0,0
1289,8/9/2019,,,,,,0,0,0
1290,8/8/2019,,,,,,0,0,0
1291,8/7/2019,,,,,,0,0,0
1292,8/6/2019,,,,,,0,0,0
1293,8/5/2019,,,,,,0,0,0
1294,8/1/2019,,,,,,0,0,0
1295,7/31/2019,,,,,,0,0,0
1296,7/30/2019,,,,,,0,0,0
1297,7/29/2019,,,,,,0,0,0
1298,7/26/2019,,,,,,0,0,0
1299,7/25/2019,,,,,,0,0,0
1300,7/24/2019,,,,,,0,0,0
1301,7/23/2019,,,,,,0,0,0
1302,7/22/2019,,,,,,0,0,0
1303,7/19/2019,,,,,,0,0,0
